R1(HA),R2(IA),R3(NVP),R4(AA),R5(HEAA),R6(IBOA),Printability,Tg,Strength,Toughness
0.29, 0.0, 0.06, 0.23, 0.31, 0.1100000000000001, 1, 56.4, -29.22, -0.62
0.23, 0.0, 0.07, 0.31, 0.33, 0.05999999999999983, 1, 60.8, -30.68, -0.7
0.37, 0.17, 0.1, 0.04, 0.2, 0.11999999999999988, 1, 44.2, -36.98, -0.94
0.25, 0.35, 0.02, 0.15, 0.13, 0.09999999999999998, 1, 29.2, -26.97, -17.53
